<?xml version="1.0" encoding="UTF-8"?>
<!DOCTYPE hibernate-configuration PUBLIC  
   "-//Hibernate/Hibernate Configuration DTD 5.3//EN"  
   "http://hibernate.org/dtd/hibernate-configuration-3.0.dtd">
   <hibernate-configuration>
   		<session-factory>
   				<property 
   				name="hibernate.connection.driver_class">
   				com.mysql.cj.jdbc.Driver
   				</property>
   				<property 
   				name="hibernate.connection.url">
   				jdbc:mysql://localhost:3306/udemy
   				</property>
   				<property 
   				name="hibernate.connection.username">
   				root
   				</property>
   				<property 
   				name="hibernate.connection.password">
   				root
   				</property>
   				<property 
   				name="hibernate.hbm2ddl.auto">
   				update
   				</property>
   				<property 
   				name="hibernate.show_sql">
   				true
   				</property>
   				<mapping resource="Course.hbm.xml"/>
   		</session-factory>
   </hibernate-configuration>
           
           
           
           
           